query_id,algorithm,path,hops,cost_km,expanded,max_frontier,runtime_ms,gap_pct
Q1,UCS,KUL -> HKT -> LED -> HEL -> KEF,4,11461.348578050694,1851,616,10.591700673103333,0.0
Q1,GBFS,KUL -> LHR -> KEF,2,12500.498489789588,2,246,4.2757997289299965,9.066558831732419
Q1,A*,KUL -> HKT -> LED -> HEL -> KEF,4,11461.348578050694,69,409,4.867600277066231,0.0
Q2,UCS,SIN -> JNB -> GRU -> EZE,3,17817.356252826285,3002,620,13.283300213515759,0.0
Q2,GBFS,SIN -> JNB -> GRU -> EZE,3,17817.356252826285,3,262,4.705499857664108,0.0
Q2,A*,SIN -> JNB -> GRU -> EZE,3,17817.356252826285,151,330,4.861900582909584,0.0
Q3,UCS,NRT -> HKG -> MRU -> CPT,3,14813.319264012905,3042,1018,13.730600476264954,0.0
Q3,GBFS,NRT -> DOH -> JNB -> CPT,3,15811.29463537717,3,234,4.68439981341362,6.7370138560958415
Q3,A*,NRT -> HKG -> MRU -> CPT,3,14813.319264012905,63,496,8.118600584566593,0.0
Q1,Weighted A* (1.5h),KUL -> AMS -> KEF,2,12274.31753121269,2,317,5.1729995757341385,7.093135224234337
Q2,Weighted A* (1.5h),SIN -> JNB -> GRU -> EZE,3,17817.356252826285,3,262,4.698299802839756,0.0
Q3,Weighted A* (1.5h),NRT -> CMB -> SEZ -> JNB -> CPT,4,14929.353967643605,4,189,4.760200157761574,0.7833133247360013
